File,Label,Cat_Feature,Aug_Names,Count
1_637425158625793493.png,1,1,1_637425158625793493.png_0_4769.png,8
1_637425159156182629.png,8,1,1_637425159156182629.png_0_3115.png,8
1_637425159156182629.png,8,1,1_637425159156182629.png_0_7349.png,8
1_637425159291264103.png,1,1,1_637425159291264103.png,8
1_637425159291264103.png,1,1,1_637425159291264103.png_0_2371.png,8
1_637425160227441412.png,3,1,1_637425160227441412.png,7
1_637425160227441412.png,3,1,1_637425160227441412.png_0_1447.png,7
1_637425172742445620.png,1,1,1_637425172742445620.png_0_5534.png,8
1_637425172996035409.png,7,1,1_637425172996035409.png_0_2185.png,6
1_637425172996035409.png,7,1,1_637425172996035409.png_0_2314.png,6
1_637425172996035409.png,7,1,1_637425172996035409.png_0_6736.png,6
1_637425173120821295.png,6,1,1_637425173120821295.png,3
1_637425173786727447.png,8,1,1_637425173786727447.png,8
1_637425173786727447.png,8,1,1_637425173786727447.png_0_1842.png,8
1_637425173786727447.png,8,1,1_637425173786727447.png_0_5794.png,8
1_637425195128113402.png,5,1,1_637425195128113402.png,6
1_637425195128113402.png,5,1,1_637425195128113402.png_0_4443.png,6
1_637425195128113402.png,5,1,1_637425195128113402.png_0_4912.png,6
1_637425196063184793.png,6,1,1_637425196063184793.png,3
1_637425196292273455.png,5,1,1_637425196292273455.png,6
1_637425196957158658.png,2,1,1_637425196957158658.png,6
1_637425196957158658.png,2,1,1_637425196957158658.png_0_1598.png,6
1_637425196957158658.png,2,1,1_637425196957158658.png_0_7155.png,6
1_637425196957158658.png,2,1,1_637425196957158658.png_0_9736.png,6
1_637425198295451517.png,3,1,1_637425198295451517.png,7
1_637425198514194944.png,1,1,1_637425198514194944.png,8
1_637425198514194944.png,1,1,1_637425198514194944.png_0_3543.png,8
1_637425198923833712.png,1,1,1_637425198923833712.png,8
1_637425198923833712.png,1,1,1_637425198923833712.png_0_9942.png,8
1_637425202320793164.png,2,1,1_637425202320793164.png,6
1_637425202320793164.png,2,1,1_637425202320793164.png_0_1130.png,6
1_637425205746039980.png,3,1,1_637425205746039980.png,7
1_637425205746039980.png,3,1,1_637425205746039980.png_0_4146.png,7
1_637425205921048916.png,4,1,1_637425205921048916.png,13
1_637425205921048916.png,4,1,1_637425205921048916.png_0_1662.png,13
1_637425205921048916.png,4,1,1_637425205921048916.png_0_2486.png,13
1_637425205921048916.png,4,1,1_637425205921048916.png_0_2961.png,13
1_637425205921048916.png,4,1,1_637425205921048916.png_0_3362.png,13
1_637425205921048916.png,4,1,1_637425205921048916.png_0_4281.png,13
1_637425205921048916.png,4,1,1_637425205921048916.png_0_6980.png,13
1_637425205921048916.png,4,1,1_637425205921048916.png_0_7119.png,13
1_637425205921048916.png,4,1,1_637425205921048916.png_0_7207.png,13
1_637425205921048916.png,4,1,1_637425205921048916.png_0_7542.png,13
1_637425205921048916.png,4,1,1_637425205921048916.png_0_7603.png,13
1_637425205921048916.png,4,1,1_637425205921048916.png_0_7813.png,13
1_637425205921048916.png,4,1,1_637425205921048916.png_0_8765.png,13
1_637425206097483564.png,7,1,1_637425206097483564.png,6
1_637425206097483564.png,7,1,1_637425206097483564.png_0_5955.png,6
1_637425206097483564.png,7,1,1_637425206097483564.png_0_7110.png,6
1_637425206205008857.png,3,1,1_637425206205008857.png,7
1_637425206205008857.png,3,1,1_637425206205008857.png_0_7687.png,7
1_637425207056153277.png,5,1,1_637425207056153277.png,6
1_637425207056153277.png,5,1,1_637425207056153277.png_0_2347.png,6
1_637425207171807786.png,6,1,1_637425207171807786.png,3
1_637425207310025322.png,8,1,1_637425207310025322.png_0_54.png,8
1_637425207444524370.png,8,1,1_637425207444524370.png_0_8193.png,8
1_637425207444524370.png,8,1,1_637425207444524370.png_0_8544.png,8
2_637425154850971408.png,25,2,2_637425154850971408.png,9
2_637425154850971408.png,25,2,2_637425154850971408.png_0_2932.png,9
2_637425154850971408.png,25,2,2_637425154850971408.png_0_4427.png,9
2_637425154850971408.png,25,2,2_637425154850971408.png_0_9005.png,9
2_637425158053064817.png,18,2,2_637425158053064817.png,9
2_637425158053064817.png,18,2,2_637425158053064817.png_0_7732.png,9
2_637425159939039531.png,35,2,2_637425159939039531.png_0_1575.png,7
2_637425159939039531.png,35,2,2_637425159939039531.png_0_1699.png,7
2_637425160080855070.png,9,2,2_637425160080855070.png,12
2_637425160080855070.png,9,2,2_637425160080855070.png_0_5401.png,12
2_637425160080855070.png,9,2,2_637425160080855070.png_0_7120.png,12
2_637425160080855070.png,9,2,2_637425160080855070.png_0_784.png,12
2_637425160080855070.png,9,2,2_637425160080855070.png_0_8027.png,12
2_637425160080855070.png,9,2,2_637425160080855070.png_0_923.png,12
2_637425170438646964.png,40,2,2_637425170438646964.png,5
2_637425170438646964.png,40,2,2_637425170438646964.png_0_6084.png,5
2_637425170438646964.png,40,2,2_637425170438646964.png_0_9104.png,5
2_637425170438646964.png,40,2,2_637425170438646964.png_0_9210.png,5
2_637425170438646964.png,40,2,2_637425170438646964.png_0_9232.png,5
2_637425170588149782.png,25,2,2_637425170588149782.png_0_7347.png,9
2_637425170588149782.png,25,2,2_637425170588149782.png_0_8309.png,9
2_637425170894477263.png,35,2,2_637425170894477263.png,7
2_637425170894477263.png,35,2,2_637425170894477263.png_0_5062.png,7
2_637425170894477263.png,35,2,2_637425170894477263.png_0_6498.png,7
2_637425170894477263.png,35,2,2_637425170894477263.png_0_7660.png,7
2_637425170894477263.png,35,2,2_637425170894477263.png_0_962.png,7
2_637425171625211839.png,10,2,2_637425171625211839.png,9
2_637425171625211839.png,10,2,2_637425171625211839.png_0_1178.png,9
2_637425171625211839.png,10,2,2_637425171625211839.png_0_7206.png,9
2_637425171773655903.png,18,2,2_637425171773655903.png,9
2_637425171773655903.png,18,2,2_637425171773655903.png_0_6764.png,9
2_637425171906606908.png,10,2,2_637425171906606908.png_0_952.png,9
2_637425172482561363.png,18,2,2_637425172482561363.png_0_8395.png,9
2_637425172610662158.png,9,2,2_637425172610662158.png,12
2_637425172610662158.png,9,2,2_637425172610662158.png_0_1253.png,12
2_637425172610662158.png,9,2,2_637425172610662158.png_0_4793.png,12
2_637425172610662158.png,9,2,2_637425172610662158.png_0_5409.png,12
2_637425172610662158.png,9,2,2_637425172610662158.png_0_9095.png,12
2_637425172610662158.png,9,2,2_637425172610662158.png_0_9212.png,12
2_637425173242275449.png,20,2,2_637425173242275449.png_0_2466.png,6
2_637425173242275449.png,20,2,2_637425173242275449.png_0_2855.png,6
2_637425173242275449.png,20,2,2_637425173242275449.png_0_3317.png,6
2_637425173242275449.png,20,2,2_637425173242275449.png_0_3321.png,6
2_637425173242275449.png,20,2,2_637425173242275449.png_0_7603.png,6
2_637425173242275449.png,20,2,2_637425173242275449.png_0_9355.png,6
2_637425174091391813.png,25,2,2_637425174091391813.png,9
2_637425174091391813.png,25,2,2_637425174091391813.png_0_1155.png,9
2_637425174091391813.png,25,2,2_637425174091391813.png_0_3950.png,9
2_637425174358042647.png,10,2,2_637425174358042647.png,9
2_637425174358042647.png,10,2,2_637425174358042647.png_0_2661.png,9
2_637425194845743044.png,14,2,2_637425194845743044.png,5
2_637425194845743044.png,14,2,2_637425194845743044.png_0_198.png,5
2_637425194845743044.png,14,2,2_637425194845743044.png_0_5128.png,5
2_637425194845743044.png,14,2,2_637425194845743044.png_0_5956.png,5
2_637425194845743044.png,14,2,2_637425194845743044.png_0_8930.png,5
2_637425197814209596.png,48,2,2_637425197814209596.png_0_1756.png,9
2_637425197814209596.png,48,2,2_637425197814209596.png_0_1766.png,9
2_637425197814209596.png,48,2,2_637425197814209596.png_0_3860.png,9
2_637425197814209596.png,48,2,2_637425197814209596.png_0_4789.png,9
2_637425197814209596.png,48,2,2_637425197814209596.png_0_5347.png,9
2_637425197814209596.png,48,2,2_637425197814209596.png_0_8293.png,9
2_637425197814209596.png,48,2,2_637425197814209596.png_0_8893.png,9
2_637425197814209596.png,48,2,2_637425197814209596.png_0_9217.png,9
2_637425197814209596.png,48,2,2_637425197814209596.png_0_9364.png,9
2_637425198068788751.png,18,2,2_637425198068788751.png,9
2_637425198068788751.png,18,2,2_637425198068788751.png_0_5427.png,9
2_637425202073190325.png,18,2,2_637425202073190325.png,9
2_637425202073190325.png,18,2,2_637425202073190325.png_0_2052.png,9
2_637425202449122139.png,33,2,2_637425202449122139.png,11
2_637425202449122139.png,33,2,2_637425202449122139.png_0_1574.png,11
2_637425202449122139.png,33,2,2_637425202449122139.png_0_3781.png,11
2_637425202449122139.png,33,2,2_637425202449122139.png_0_3945.png,11
2_637425202449122139.png,33,2,2_637425202449122139.png_0_4197.png,11
2_637425202449122139.png,33,2,2_637425202449122139.png_0_4390.png,11
2_637425202449122139.png,33,2,2_637425202449122139.png_0_5456.png,11
2_637425202449122139.png,33,2,2_637425202449122139.png_0_5953.png,11
2_637425202449122139.png,33,2,2_637425202449122139.png_0_618.png,11
2_637425202449122139.png,33,2,2_637425202449122139.png_0_7883.png,11
2_637425202449122139.png,33,2,2_637425202449122139.png_0_8621.png,11
2_637425203351291876.png,15,2,2_637425203351291876.png,4
2_637425203351291876.png,15,2,2_637425203351291876.png_0_6205.png,4
2_637425203351291876.png,15,2,2_637425203351291876.png_0_6381.png,4
2_637425203351291876.png,15,2,2_637425203351291876.png_0_8829.png,4
2_637425203500638054.png,45,2,2_637425203500638054.png,10
2_637425203500638054.png,45,2,2_637425203500638054.png_0_2624.png,10
2_637425203500638054.png,45,2,2_637425203500638054.png_0_4103.png,10
2_637425203500638054.png,45,2,2_637425203500638054.png_0_4694.png,10
2_637425203500638054.png,45,2,2_637425203500638054.png_0_5674.png,10
2_637425203500638054.png,45,2,2_637425203500638054.png_0_6671.png,10
2_637425203500638054.png,45,2,2_637425203500638054.png_0_8032.png,10
2_637425203500638054.png,45,2,2_637425203500638054.png_0_8375.png,10
2_637425203500638054.png,45,2,2_637425203500638054.png_0_8402.png,10
2_637425203500638054.png,45,2,2_637425203500638054.png_0_8741.png,10
2_637425204415554491.png,38,2,2_637425204415554491.png,7
2_637425204415554491.png,38,2,2_637425204415554491.png_0_1984.png,7
2_637425204415554491.png,38,2,2_637425204415554491.png_0_2706.png,7
2_637425204415554491.png,38,2,2_637425204415554491.png_0_3038.png,7
2_637425204415554491.png,38,2,2_637425204415554491.png_0_3312.png,7
2_637425204415554491.png,38,2,2_637425204415554491.png_0_3606.png,7
2_637425204415554491.png,38,2,2_637425204415554491.png_0_5623.png,7
2_637425204554659483.png,10,2,2_637425204554659483.png,9
2_637425204554659483.png,10,2,2_637425204554659483.png_0_8168.png,9
2_637425204554659483.png,10,2,2_637425204554659483.png_0_9058.png,9
2_637425204970993748.png,23,2,2_637425204970993748.png,12
2_637425204970993748.png,23,2,2_637425204970993748.png_0_1238.png,12
2_637425204970993748.png,23,2,2_637425204970993748.png_0_1313.png,12
2_637425204970993748.png,23,2,2_637425204970993748.png_0_7309.png,12
2_637425204970993748.png,23,2,2_637425204970993748.png_0_8858.png,12
2_637425204970993748.png,23,2,2_637425204970993748.png_0_9358.png,12
2_637425206388839854.png,23,2,2_637425206388839854.png,12
2_637425206388839854.png,23,2,2_637425206388839854.png_0_1494.png,12
2_637425206388839854.png,23,2,2_637425206388839854.png_0_4040.png,12
2_637425206388839854.png,23,2,2_637425206388839854.png_0_5108.png,12
2_637425206388839854.png,23,2,2_637425206388839854.png_0_7135.png,12
2_637425206388839854.png,23,2,2_637425206388839854.png_0_7723.png,12
3_637425154379215252.png,65,3,3_637425154379215252.png_0_8211.png,9
3_637425154379215252.png,65,3,3_637425154379215252.png_0_8614.png,9
3_637425156039425854.png,55,3,3_637425156039425854.png,6
3_637425156039425854.png,55,3,3_637425156039425854.png_0_3468.png,6
3_637425156039425854.png,55,3,3_637425156039425854.png_0_4025.png,6
3_637425156039425854.png,55,3,3_637425156039425854.png_0_5733.png,6
3_637425156039425854.png,55,3,3_637425156039425854.png_0_7288.png,6
3_637425156039425854.png,55,3,3_637425156039425854.png_0_7794.png,6
3_637425156937593450.png,75,3,3_637425156937593450.png,9
3_637425156937593450.png,75,3,3_637425156937593450.png_0_950.png,9
3_637425159698939455.png,70,3,3_637425159698939455.png_0_3447.png,10
3_637425159698939455.png,70,3,3_637425159698939455.png_0_4959.png,10
3_637425161325327127.png,80,3,3_637425161325327127.png,8
3_637425169454072710.png,80,3,3_637425169454072710.png,8
3_637425169612603879.png,80,3,3_637425169612603879.png,8
3_637425169756245508.png,80,3,3_637425169756245508.png,8
3_637425170159414345.png,60,3,3_637425170159414345.png,9
3_637425170159414345.png,60,3,3_637425170159414345.png_0_5854.png,9
3_637425171021997428.png,75,3,3_637425171021997428.png,9
3_637425171021997428.png,75,3,3_637425171021997428.png_0_787.png,9
3_637425171161722101.png,70,3,3_637425171161722101.png_0_2912.png,10
3_637425171297222387.png,80,3,3_637425171297222387.png,8
3_637425172046115858.png,60,3,3_637425172046115858.png,9
3_637425172046115858.png,60,3,3_637425172046115858.png_0_1503.png,9
3_637425172046115858.png,60,3,3_637425172046115858.png_0_8494.png,9
3_637425172180141409.png,65,3,3_637425172180141409.png,9
3_637425172180141409.png,65,3,3_637425172180141409.png_0_3977.png,9
3_637425172180141409.png,65,3,3_637425172180141409.png_0_6465.png,9
3_637425172307646994.png,70,3,3_637425172307646994.png_0_2772.png,10
3_637425172307646994.png,70,3,3_637425172307646994.png_0_3207.png,10
3_637425173390282129.png,70,3,3_637425173390282129.png,10
3_637425173390282129.png,70,3,3_637425173390282129.png_0_1601.png,10
3_637425173390282129.png,70,3,3_637425173390282129.png_0_1749.png,10
3_637425173506076946.png,75,3,3_637425173506076946.png,9
3_637425173506076946.png,75,3,3_637425173506076946.png_0_1588.png,9
3_637425174520049025.png,80,3,3_637425174520049025.png,8
3_637425175041426245.png,60,3,3_637425175041426245.png_0_7796.png,9
3_637425175041426245.png,60,3,3_637425175041426245.png_0_9802.png,9
3_637425194137641567.png,63,3,3_637425194137641567.png,8
3_637425194137641567.png,63,3,3_637425194137641567.png_0_2741.png,8
3_637425194137641567.png,63,3,3_637425194137641567.png_0_4598.png,8
3_637425194137641567.png,63,3,3_637425194137641567.png_0_5317.png,8
3_637425194137641567.png,63,3,3_637425194137641567.png_0_6461.png,8
3_637425194137641567.png,63,3,3_637425194137641567.png_0_7935.png,8
3_637425194137641567.png,63,3,3_637425194137641567.png_0_8478.png,8
3_637425194137641567.png,63,3,3_637425194137641567.png_0_9516.png,8
3_637425197628810028.png,80,3,3_637425197628810028.png,8
3_637425201818308556.png,50,3,3_637425201818308556.png,7
3_637425201818308556.png,50,3,3_637425201818308556.png_0_7127.png,7
3_637425202703606049.png,50,3,3_637425202703606049.png,7
3_637425202703606049.png,50,3,3_637425202703606049.png_0_6027.png,7
3_637425202703606049.png,50,3,3_637425202703606049.png_0_7497.png,7
3_637425202969248887.png,80,3,3_637425202969248887.png,8
3_637425203833590891.png,75,3,3_637425203833590891.png,9
3_637425203833590891.png,75,3,3_637425203833590891.png_0_5618.png,9
3_637425203983275721.png,60,3,3_637425203983275721.png,9
3_637425203983275721.png,60,3,3_637425203983275721.png_0_7980.png,9
3_637425204135239535.png,65,3,3_637425204135239535.png_0_1299.png,9
3_637425204135239535.png,65,3,3_637425204135239535.png_0_7122.png,9
3_637425204667560420.png,50,3,3_637425204667560420.png,7
3_637425204667560420.png,50,3,3_637425204667560420.png_0_1829.png,7
3_637425205230544808.png,75,3,3_637425205230544808.png,9
3_637425206533700876.png,65,3,3_637425206533700876.png,9
3_637425206533700876.png,65,3,3_637425206533700876.png_0_3039.png,9
3_637425206695854344.png,70,3,3_637425206695854344.png,10
3_637425206695854344.png,70,3,3_637425206695854344.png_0_6599.png,10
4_637425154220421237.png,85,4,4_637425154220421237.png,8
4_637425155744663724.png,95,4,4_637425155744663724.png,6
4_637425157052636841.png,90,4,4_637425157052636841.png,4
4_637425158480860051.png,90,4,4_637425158480860051.png,4
4_637425161072621088.png,95,4,4_637425161072621088.png_0_9353.png,6
4_637425168312082226.png,85,4,4_637425168312082226.png,8
4_637425168550570419.png,95,4,4_637425168550570419.png,6
4_637425168550570419.png,95,4,4_637425168550570419.png_0_2773.png,6
4_637425168703662696.png,85,4,4_637425168703662696.png,8
4_637425168841178972.png,85,4,4_637425168841178972.png,8
4_637425169013480470.png,85,4,4_637425169013480470.png,8
4_637425174649012281.png,85,4,4_637425174649012281.png,8
4_637425174893368791.png,90,4,4_637425174893368791.png,4
4_637425175160844748.png,90,4,4_637425175160844748.png,4
4_637425192346139206.png,83,4,4_637425192346139206.png_0_3140.png,10
4_637425192346139206.png,83,4,4_637425192346139206.png_0_3145.png,10
4_637425192346139206.png,83,4,4_637425192346139206.png_0_4307.png,10
4_637425195472537066.png,85,4,4_637425195472537066.png,8
4_637425195733750159.png,83,4,4_637425195733750159.png,10
4_637425195733750159.png,83,4,4_637425195733750159.png_0_3931.png,10
4_637425195733750159.png,83,4,4_637425195733750159.png_0_5572.png,10
4_637425199954024921.png,83,4,4_637425199954024921.png,10
4_637425199954024921.png,83,4,4_637425199954024921.png_0_1661.png,10
4_637425199954024921.png,83,4,4_637425199954024921.png_0_3462.png,10
4_637425199954024921.png,83,4,4_637425199954024921.png_0_5693.png,10
4_637425200124497700.png,88,4,4_637425200124497700.png,5
4_637425200124497700.png,88,4,4_637425200124497700.png_0_1448.png,5
4_637425200124497700.png,88,4,4_637425200124497700.png_0_1941.png,5
4_637425200124497700.png,88,4,4_637425200124497700.png_0_3614.png,5
4_637425200124497700.png,88,4,4_637425200124497700.png_0_6238.png,5
4_637425207570682911.png,85,4,4_637425207570682911.png,8
4_637425207837208424.png,95,4,4_637425207837208424.png_0_2828.png,6
4_637425208081879216.png,95,4,4_637425208081879216.png_0_5478.png,6
